Version,LogicalSize_Bytes,CommitTime_Seconds,Throughput_MB/s,LooseObjectsSize_Bytes,LooseMetadataSize_Bytes,LooseTotalSize_Bytes
1,95072414,7.419670204,12.21,26881541,492109,27373650
2,95172660,2.343527614,38.72,31085080,492440,31577520
3,95633624,3.122862623,29.20,38631841,492666,39124507
4,95710717,1.945505627,46.91,43289282,491635,43780917
5,95767418,2.184486343,41.80,47276033,492315,47768348
6,95874517,2.368219419,38.60,54134921,492999,54627920
7,96031005,2.024901402,45.22,56421361,493393,56914754
8,96073810,2.010611764,45.56,60713692,493715,61207407
9,96156132,1.175649136,77.99,61369305,494037,61863342
10,96181716,1.220926089,75.12,62058630,494458,62553088
11,96225095,1.286565986,71.32,62894142,494870,63389012
12,96280016,1.268669887,72.36,63871121,495194,64366315
13,96295453,1.083285943,84.76,64352402,495606,64848008
14,96159344,1.220052094,75.16,64997331,495930,65493261
15,96211395,1.106627544,82.90,65592190,496254,66088444
16,97419644,5.537435769,16.77,80323265,515972,80839237
17,92656128,4.538135450,19.47,91821999,496422,92318421
18,92958211,2.900175575,30.56,98338665,497649,98836314
19,93342477,2.228822731,39.93,102050435,499576,102550011
20,93684968,2.396310012,37.28,106085929,501115,106587044
21,93855134,2.438331173,36.70,110264022,502378,110766400
22,94105945,2.638013632,34.01,114853974,503798,115357772
23,94494954,2.730442365,33.00,119542438,514979,120057417
24,94930340,3.289694198,27.51,124417834,517461,124935295
25,96567704,2.099107083,43.87,127594169,517969,128112138
26,96574342,1.034070154,89.06,128070252,518293,128588545
27,96788905,2.230493976,41.38,131283106,519210,131802316
28,97165615,1.671214270,55.44,134609975,519526,135129501
29,97252200,1.633508680,56.77,136318699,519923,136838622
30,97352699,1.454540342,63.82,137327574,519092,137846666
31,97692230,2.926291427,31.83,142663519,520304,143183823
32,97920212,2.083839135,44.81,145787565,520924,146308489
33,97974831,1.933132352,48.33,148587510,521248,149108758
34,98288476,2.664076135,35.18,155302091,522125,155824216
35,98417569,3.055248689,30.71,163179310,522809,163702119
36,98524809,2.372514747,39.60,167588462,526805,168115267
37,98718707,2.714117126,34.68,172512501,530699,173043200
38,98939219,3.332036532,28.31,180271541,531389,180802930
39,99175341,2.886706162,32.76,185213926,532356,185746282
40,99235132,1.304761485,72.52,186275793,532680,186808473
41,99245708,1.080002056,87.62,186604895,533092,187137987
42,99616951,1.270572311,74.76,187251160,533416,187784576
43,99673755,1.072620541,88.61,187856570,533740,188390310
44,102067239,5.796911143,16.78,202999084,522458,203521542
45,97037979,4.327213824,21.38,211233436,514359,211747795
46,96139199,2.817693172,32.53,216038998,506715,216545713
47,96531666,2.788109547,33.01,220873076,509750,221382826
48,96497220,2.449793221,37.56,225008585,508106,225516691
49,96781557,2.262371867,40.79,230287343,510244,230797587
50,97038998,2.905346524,31.85,234358190,512352,234870542
51,97356817,2.466897819,37.63,238356017,514716,238870733
52,98422334,3.363595837,27.90,244315110,507289,244822399
53,101214785,1.887274479,51.14,246859947,507806,247367753
54,101296041,1.811509803,53.32,248875215,508034,249383249
55,101368542,1.742359235,55.48,250871639,508254,251379893
56,101544694,2.241193669,43.20,288400064,509287,288909351
57,101976969,1.960309767,49.60,66272193,513189,66785382
58,102038483,1.222623222,79.59,66671036,513505,67184541
59,102561389,3.324355058,29.42,72782136,520033,73302169
60,102867616,3.066966173,31.98,78424029,520869,78944898
61,103124716,3.142115299,31.29,83926681,522249,84448930
62,103346421,3.253478616,30.29,91010967,523431,91534398
63,103267224,3.532126410,27.88,98884600,526008,99410608
64,103390545,2.173092426,45.37,102665194,526524,103191718
65,103417233,2.367372261,41.65,106369213,527085,106896298
66,103681907,2.830687118,34.92,112982021,529997,113512018
67,103841211,2.203712128,44.93,116484134,531500,117015634
68,103676757,2.453990677,40.28,122188943,533580,122722523
69,103733404,1.180260560,83.81,122723742,533904,123257646
70,107877248,6.141803029,16.74,139434846,553968,139988814
71,98847116,4.862551639,19.38,149673714,504389,150178103
72,99179394,3.427988217,27.59,156571891,520325,157092216
73,99741606,4.126685941,23.04,166303564,526284,166829848
74,100710465,3.438975908,27.92,173081083,531541,173612624
75,101483591,3.165995293,30.56,179190211,536704,179726915
76,102083723,3.150471117,30.90,184796789,543172,185339961
77,103291730,3.639582427,27.06,191713855,551154,192265009
78,103535601,2.885734953,34.21,197001629,553248,197554877
79,103459036,2.367151529,41.67,201951652,554545,202506197
80,103661012,1.988336526,49.71,205129608,555261,205684869
81,103699369,2.077808539,47.59,207949880,557518,208507398
82,106364240,2.027634849,50.02,210310576,559047,210869623
83,107868656,1.334899423,77.06,210694150,556844,211250994
84,108379556,3.489990017,29.61,216678863,562031,217240894
85,108594291,2.521057634,41.07,220843991,563676,221407667
86,108507728,2.829738409,36.56,225827581,566538,226394119
87,108746225,2.958248494,35.05,232398019,567846,232965865
88,108906551,1.655095836,62.75,234928207,568170,235496377
89,107076340,4.916431594,20.76,245419125,561219,245980344
90,107699111,3.455232119,29.72,252029726,568688,252598414
91,108084637,3.155362470,32.66,257478862,570128,258048990
92,108444974,3.208774702,32.23,262601730,571260,263172990
93,108792788,3.788161979,27.38,269463741,573874,270037615
94,109684831,3.701936699,28.25,276333060,577693,276910753
95,110100244,3.746468510,28.02,283584931,581632,284166563
96,111923245,4.157766948,25.67,292236307,588042,292824349
97,114880713,3.040140086,36.03,297881356,589371,298470727
98,115263816,2.616097559,42.01,302120404,590439,302710843
99,115332134,2.660023140,41.34,306345278,591544,306936822
100,115475785,2.377390183,46.31,310061724,592584,310654308
1,95072414,6.443362851,14.07,26881541,492109,27373650
2,95172660,2.202056983,41.21,31085080,492440,31577520
3,95633624,2.525432537,36.11,38631841,492666,39124507
4,95710717,1.794349690,50.86,43289282,491635,43780917
5,95767418,2.029880233,44.99,47276033,492315,47768348
6,95874517,2.289426260,39.93,54134921,492999,54627920
7,96031005,1.594539633,57.43,56421361,493393,56914754
8,96073810,1.722154695,53.20,60713692,493715,61207407
9,96156132,1.004841522,91.25,61369305,494037,61863342
10,96181716,1.043817676,87.86,62058630,494458,62553088
11,96225095,1.086699276,84.43,62894142,494870,63389012
12,96280016,1.109291873,82.76,63871121,495194,64366315
13,96295453,.931691019,98.56,64352402,495606,64848008
14,96159344,.994392583,92.21,64997331,495930,65493261
15,96211395,.982929326,93.34,65592190,496254,66088444
16,97419644,5.287297545,17.57,80323265,515972,80839237
17,92656128,4.360114015,20.26,91821999,496422,92318421
18,92958211,2.742340877,32.32,98338665,497649,98836314
19,93342477,2.136046090,41.67,102050435,499576,102550011
20,93684968,2.287884100,39.04,106085929,501115,106587044
21,93855134,2.328414231,38.43,110264022,502378,110766400
22,94105945,2.570926634,34.90,114853974,503798,115357772
23,94494954,2.506382498,35.95,119542438,514979,120057417
24,94930340,2.686856523,33.69,124417834,517461,124935295
25,96567704,1.993754606,46.18,127594169,517969,128112138
26,96574342,.973546830,94.60,128070252,518293,128588545
27,96788905,2.065668657,44.68,131283106,519210,131802316
28,97165615,1.674489656,55.33,134609975,519526,135129501
29,97252200,1.502230159,61.73,136318699,519923,136838622
30,97352699,1.273043203,72.92,137327574,519092,137846666
31,97692230,2.820159888,33.03,142663519,520304,143183823
32,97920212,1.945292824,48.00,145787565,520924,146308489
33,97974831,1.836705977,50.86,148587510,521248,149108758
34,98288476,2.541165486,36.88,155302091,522125,155824216
35,98417569,2.906820811,32.28,163179310,522809,163702119
36,98524809,2.243976896,41.87,167588462,526805,168115267
37,98718707,2.432880100,38.69,172512501,530699,173043200
38,98939219,2.914186418,32.37,180271541,531389,180802930
39,99175341,2.580227570,36.65,185213926,532356,185746282
40,99235132,1.206932580,78.40,186275793,532680,186808473
41,99245708,.920560367,102.80,186604895,533092,187137987
42,99616951,1.070720966,88.72,187251160,533416,187784576
43,99673755,1.001905274,94.86,187856570,533740,188390310
44,102067239,5.566168771,17.48,202999084,522458,203521542
45,97037979,4.199364685,22.03,211233436,514359,211747795
46,96139199,2.681229192,34.19,216038998,506715,216545713
47,96531666,2.690225848,34.21,220873076,509750,221382826
48,96497220,2.346905082,39.20,225008585,508106,225516691
49,96781557,2.222811712,41.51,230287343,510244,230797587
50,97038998,2.340473966,39.53,234358190,512352,234870542
51,97356817,2.355674947,39.41,238356017,514716,238870733
52,98422334,3.237307154,28.99,244315110,507289,244822399
53,101214785,1.802135858,53.55,246859947,507806,247367753
54,101296041,1.628923194,59.30,248875215,508034,249383249
55,101368542,1.629924875,59.30,250871639,508254,251379893
56,101544694,2.106121014,45.98,277488320,509287,277997607
57,101976969,1.735750964,56.02,304603384,513210,305116594
58,102038483,1.119706294,86.90,66671036,513505,67184541
59,102561389,3.117920894,31.37,72782136,520033,73302169
60,102867616,2.871256530,34.16,78424029,520869,78944898
61,103124716,2.888994194,34.03,83926681,522249,84448930
62,103346421,3.107617677,31.71,91010967,523431,91534398
63,103267224,2.938211217,33.51,98884600,526008,99410608
64,103390545,2.010913180,49.03,102665194,526524,103191718
65,103417233,2.134211294,46.20,106369213,527085,106896298
66,103681907,2.683240334,36.84,112982021,529997,113512018
67,103841211,2.045607394,48.41,116484134,531500,117015634
68,103676757,2.339945576,42.25,122188943,533580,122722523
69,103733404,1.018076431,97.16,122723742,533904,123257646
70,107877248,5.895945069,17.44,139434846,553968,139988814
71,98847116,4.743537971,19.87,149673714,504389,150178103
72,99179394,3.346258854,28.26,156571891,520325,157092216
73,99741606,3.780548745,25.16,166303564,526284,166829848
74,100710465,3.345444763,28.70,173081083,531541,173612624
75,101483591,3.063449542,31.59,179190211,536704,179726915
76,102083723,2.962564814,32.86,184796789,543172,185339961
77,103291730,3.564856910,27.63,191713855,551154,192265009
78,103535601,2.770075466,35.64,197001629,553248,197554877
79,103459036,2.220569541,44.43,201951652,554545,202506197
80,103661012,1.910472068,51.74,205129608,555261,205684869
81,103699369,1.945772273,50.82,207949880,557518,208507398
82,106364240,1.903694899,53.28,210310576,559047,210869623
83,107868656,1.211782949,84.89,210694150,556844,211250994
84,108379556,3.109198065,33.24,216678863,562031,217240894
85,108594291,2.357921995,43.92,220843991,563676,221407667
86,108507728,2.734712352,37.83,225827581,566538,226394119
87,108746225,2.708066100,38.29,232398019,567846,232965865
88,108906551,1.495337653,69.45,234928207,568170,235496377
89,107076340,4.766777114,21.42,245419125,561219,245980344
90,107699111,3.359767951,30.56,252029726,568688,252598414
91,108084637,2.882802834,35.75,257478862,570128,258048990
92,108444974,2.850517011,36.28,262601730,571260,263172990
93,108792788,3.420665978,30.33,269463741,573874,270037615
94,109684831,3.434954636,30.45,276333060,577693,276910753
95,110100244,3.727819259,28.16,283584931,581632,284166563
96,111923245,3.995053592,26.71,292236307,588042,292824349
97,114880713,2.964877901,36.94,297881356,589371,298470727
98,115263816,2.506161708,43.85,302120404,590439,302710843
99,115332134,2.456514291,44.77,306345278,591544,306936822
100,115475785,2.229275461,49.39,310061724,592584,310654308
1,95072414,6.443217667,14.07,26881541,492109,27373650
2,95172660,2.241149745,40.49,31085080,492440,31577520
3,95633624,2.511534889,36.31,38631841,492666,39124507
4,95710717,1.799291867,50.72,43289282,491635,43780917
5,95767418,2.044099006,44.67,47276033,492315,47768348
6,95874517,2.302415186,39.71,54134921,492999,54627920
7,96031005,1.599692498,57.24,56421361,493393,56914754
8,96073810,1.743384031,52.55,60713692,493715,61207407
9,96156132,1.003535408,91.37,61369305,494037,61863342
10,96181716,.996104403,92.07,62058630,494458,62553088
11,96225095,1.152636325,79.60,62894142,494870,63389012
12,96280016,1.096125560,83.75,63871121,495194,64366315
13,96295453,.938497724,97.84,64352402,495606,64848008
14,96159344,1.013170530,90.50,64997331,495930,65493261
15,96211395,1.006646234,91.14,65592190,496254,66088444
16,97419644,5.255389016,17.67,80323265,515972,80839237
17,92656128,4.373965290,20.20,91821999,496422,92318421
18,92958211,2.774444485,31.95,98338665,497649,98836314
19,93342477,2.126517673,41.85,102050435,499576,102550011
20,93684968,2.285542152,39.08,106085929,501115,106587044
21,93855134,2.319047612,38.59,110264022,502378,110766400
22,94105945,2.577998920,34.80,114853974,503798,115357772
23,94494954,2.537411451,35.51,119542438,514979,120057417
24,94930340,2.685819185,33.70,124417834,517461,124935295
25,96567704,2.004830934,45.93,127594169,517969,128112138
26,96574342,.965196639,95.42,128070252,518293,128588545
27,96788905,2.083020420,44.31,131283106,519210,131802316
28,97165615,1.534241388,60.39,134609975,519526,135129501
29,97252200,1.469565827,63.10,136318699,519923,136838622
30,97352699,1.260383753,73.66,137327574,519092,137846666
31,97692230,2.793971029,33.34,142663519,520304,143183823
32,97920212,1.961026224,47.61,145787565,520924,146308489
33,97974831,1.811170231,51.58,148587510,521248,149108758
34,98288476,2.526727450,37.09,155302091,522125,155824216
35,98417569,2.891158842,32.46,163179310,522809,163702119
36,98524809,2.263223455,41.51,167588462,526805,168115267
37,98718707,2.425048072,38.81,172512501,530699,173043200
38,98939219,2.907348558,32.45,180271541,531389,180802930
39,99175341,2.547156793,37.13,185213926,532356,185746282
40,99235132,1.212149856,78.06,186275793,532680,186808473
41,99245708,.939283272,100.75,186604895,533092,187137987
42,99616951,1.066272551,89.09,187251160,533416,187784576
43,99673755,1.046248074,90.84,187856570,533740,188390310
44,102067239,5.515280951,17.64,202999084,522458,203521542
45,97037979,4.232154785,21.86,211233436,514359,211747795
46,96139199,2.675581239,34.26,216038998,506715,216545713
47,96531666,2.670199999,34.47,220873076,509750,221382826
48,96497220,2.351382040,39.13,225008585,508106,225516691
49,96781557,2.186657274,42.20,230287343,510244,230797587
50,97038998,2.319425876,39.89,234358190,512352,234870542
51,97356817,2.328004598,39.87,238356017,514716,238870733
52,98422334,3.207600009,29.26,244315110,507289,244822399
53,101214785,1.782010889,54.16,246859947,507806,247367753
54,101296041,1.619058442,59.66,248875215,508034,249383249
55,101368542,1.635819714,59.09,250871639,508254,251379893
56,101544694,2.120909602,45.65,269451968,673127,270125095
57,101976969,1.773663363,54.83,304603384,513210,305116594
58,102038483,1.094553437,88.90,66671036,513505,67184541
59,102561389,3.148043179,31.07,72782136,520033,73302169
60,102867616,2.854333211,34.36,78424029,520869,78944898
61,103124716,2.872319832,34.23,83926681,522249,84448930
62,103346421,3.082473707,31.97,91010967,523431,91534398
63,103267224,2.922183665,33.70,98884600,526008,99410608
64,103390545,2.019208123,48.83,102665194,526524,103191718
65,103417233,2.155192757,45.75,106369213,527085,106896298
66,103681907,2.632443245,37.55,112982021,529997,113512018
67,103841211,2.019761827,49.03,116484134,531500,117015634
68,103676757,2.342442118,42.20,122188943,533580,122722523
69,103733404,1.016573325,97.30,122723742,533904,123257646
70,107877248,5.880927782,17.49,139434846,553968,139988814
71,98847116,4.696247891,20.07,149673714,504389,150178103
72,99179394,3.339233643,28.32,156571891,520325,157092216
73,99741606,3.818617522,24.90,166303564,526284,166829848
74,100710465,3.358264198,28.59,173081083,531541,173612624
75,101483591,3.074866902,31.47,179190211,536704,179726915
76,102083723,2.925617437,33.27,184796789,543172,185339961
77,103291730,3.544567776,27.78,191713855,551154,192265009
78,103535601,2.740534334,36.02,197001629,553248,197554877
79,103459036,2.233301917,44.17,201951652,554545,202506197
80,103661012,1.889424381,52.31,205129608,555261,205684869
81,103699369,1.963580206,50.36,207949880,557518,208507398
82,106364240,1.871840093,54.18,210310576,559047,210869623
83,107868656,1.223589531,84.07,210694150,556844,211250994
84,108379556,3.090864130,33.43,216678863,562031,217240894
85,108594291,2.340028364,44.25,220843991,563676,221407667
86,108507728,2.700388754,38.32,225827581,566538,226394119
87,108746225,2.715906235,38.18,232398019,567846,232965865
88,108906551,1.443744357,71.93,234928207,568170,235496377
89,107076340,4.758700582,21.45,245419125,561219,245980344
90,107699111,3.306203038,31.06,252029726,568688,252598414
91,108084637,2.865127744,35.97,257478862,570128,258048990
92,108444974,2.858721978,36.17,262601730,571260,263172990
93,108792788,3.411999776,30.40,269463741,573874,270037615
94,109684831,3.466931107,30.17,276333060,577693,276910753
95,110100244,3.618123433,29.01,283584931,581632,284166563
96,111923245,3.993083580,26.72,292236307,588042,292824349
97,114880713,2.972992838,36.84,297881356,589371,298470727
98,115263816,2.523640374,43.55,302120404,590439,302710843
99,115332134,2.441155404,45.05,306345278,591544,306936822
100,115475785,2.239217627,49.17,310061724,592584,310654308
1,95072414,6.479207010,13.99,26881541,492109,27373650
2,95172660,2.208892021,41.08,31085080,492440,31577520
3,95633624,2.522329727,36.15,38631841,492666,39124507
4,95710717,1.817367378,50.22,43289282,491635,43780917
5,95767418,2.054629689,44.45,47276033,492315,47768348
6,95874517,2.320705164,39.39,54134921,492999,54627920
7,96031005,1.618765948,56.57,56421361,493393,56914754
8,96073810,1.753014681,52.26,60713692,493715,61207407
9,96156132,1.005394770,91.20,61369305,494037,61863342
10,96181716,1.018219891,90.07,62058630,494458,62553088
11,96225095,1.139637487,80.51,62894142,494870,63389012
12,96280016,1.142945031,80.32,63871121,495194,64366315
13,96295453,.933809374,98.33,64352402,495606,64848008
14,96159344,1.008648932,90.91,64997331,495930,65493261
15,96211395,.983378460,93.30,65592190,496254,66088444
16,97419644,5.246865434,17.70,80323265,515972,80839237
17,92656128,4.384940960,20.15,91821999,496422,92318421
18,92958211,2.800842442,31.65,98338665,497649,98836314
19,93342477,2.152921976,41.34,102050435,499576,102550011
20,93684968,2.290063050,39.01,106085929,501115,106587044
21,93855134,2.339586339,38.25,110264022,502378,110766400
22,94105945,2.631723117,34.09,114853974,503798,115357772
23,94494954,2.565686788,35.12,119542438,514979,120057417
24,94930340,2.706929964,33.44,124417834,517461,124935295
25,96567704,2.037923282,45.18,127594169,517969,128112138
26,96574342,.990816624,92.95,128070252,518293,128588545
27,96788905,2.091869409,44.12,131283106,519210,131802316
28,97165615,1.535200687,60.35,134609975,519526,135129501
29,97252200,1.495551258,62.01,136318699,519923,136838622
30,97352699,1.278383343,72.62,137327574,519092,137846666
31,97692230,2.811251318,33.13,142663519,520304,143183823
32,97920212,1.979316389,47.17,145787565,520924,146308489
33,97974831,1.854764221,50.37,148587510,521248,149108758
34,98288476,2.569159385,36.48,155302091,522125,155824216
35,98417569,2.914473664,32.20,163179310,522809,163702119
36,98524809,2.262531988,41.52,167588462,526805,168115267
37,98718707,2.431070887,38.72,172512501,530699,173043200
38,98939219,2.948250190,32.00,180271541,531389,180802930
39,99175341,2.579022785,36.67,185213926,532356,185746282
40,99235132,1.223811895,77.32,186275793,532680,186808473
41,99245708,.944052822,100.24,186604895,533092,187137987
42,99616951,1.112414554,85.39,187251160,533416,187784576
43,99673755,1.008226298,94.27,187856570,533740,188390310
44,102067239,5.733126312,16.97,202999084,522458,203521542
45,97037979,4.201828682,22.02,211233436,514359,211747795
46,96139199,2.702559472,33.92,216038998,506715,216545713
47,96531666,2.704086765,34.04,220873076,509750,221382826
48,96497220,2.344323308,39.25,225008585,508106,225516691
49,96781557,2.179579796,42.34,230287343,510244,230797587
50,97038998,2.321259999,39.86,234358190,512352,234870542
51,97356817,2.343618310,39.61,238356017,514716,238870733
52,98422334,3.216245645,29.18,244315110,507289,244822399
53,101214785,1.798559790,53.66,246859947,507806,247367753
54,101296041,1.609057566,60.03,248875215,508034,249383249
55,101368542,1.642940556,58.83,250871639,508254,251379893
56,101544694,2.119481239,45.69,277471936,509287,277981223
57,101976969,2.039801752,47.67,253490560,-17947953,235542607
58,102038483,1.093156123,89.01,66671036,513505,67184541
59,102561389,3.102812379,31.52,72782136,520033,73302169
60,102867616,2.894571687,33.89,78424029,520869,78944898
61,103124716,2.913035927,33.75,83926681,522249,84448930
62,103346421,3.114511419,31.64,91010967,523431,91534398
63,103267224,2.946120074,33.42,98884600,526008,99410608
64,103390545,2.028812819,48.59,102665194,526524,103191718
65,103417233,2.165345612,45.54,106369213,527085,106896298
66,103681907,2.692301445,36.72,112982021,529997,113512018
67,103841211,2.062756559,48.00,116484134,531500,117015634
68,103676757,2.357883196,41.93,122188943,533580,122722523
69,103733404,1.013743786,97.57,122723742,533904,123257646
70,107877248,5.941405677,17.31,139434846,553968,139988814
71,98847116,4.836656833,19.48,149673714,504389,150178103
72,99179394,3.341027795,28.30,156571891,520325,157092216
73,99741606,3.818329996,24.91,166303564,526284,166829848
74,100710465,3.363337548,28.55,173081083,531541,173612624
75,101483591,3.091648777,31.30,179190211,536704,179726915
76,102083723,2.949593898,33.00,184796789,543172,185339961
77,103291730,3.523296162,27.95,191713855,551154,192265009
78,103535601,2.753029769,35.86,197001629,553248,197554877
79,103459036,2.253463141,43.78,201951652,554545,202506197
80,103661012,1.935220858,51.07,205129608,555261,205684869
81,103699369,1.962622310,50.38,207949880,557518,208507398
82,106364240,1.904109789,53.26,210310576,559047,210869623
83,107868656,1.248963861,82.36,210694150,556844,211250994
84,108379556,3.078980204,33.56,216678863,562031,217240894
85,108594291,2.396430966,43.21,220843991,563676,221407667
86,108507728,2.740605429,37.75,225827581,566538,226394119
87,108746225,2.730101735,37.98,232398019,567846,232965865
88,108906551,1.458512049,71.20,234928207,568170,235496377
89,107076340,4.783617703,21.34,245419125,561219,245980344
90,107699111,3.346230566,30.69,252029726,568688,252598414
91,108084637,2.896419745,35.58,257478862,570128,258048990
92,108444974,2.872198618,36.00,262601730,571260,263172990
93,108792788,3.418232278,30.35,269463741,573874,270037615
94,109684831,3.446953916,30.34,276333060,577693,276910753
95,110100244,3.609074352,29.09,283584931,581632,284166563
96,111923245,4.082720321,26.14,292236307,588042,292824349
97,114880713,3.012220647,36.36,297881356,589371,298470727
98,115263816,2.529500577,43.45,302120404,590439,302710843
99,115332134,2.439123346,45.08,306345278,591544,306936822
100,115475785,2.263981541,48.63,310061724,592584,310654308
